<?xml version="1.0" encoding="UTF-8"?>
<!DOCTYPE hibernate-configuration PUBLIC
		"-//Hibernate/Hibernate Configuration DTD 3.0//EN"
		"http://www.hibernate.org/dtd/hibernate-configuration-3.0.dtd">
<hibernate-configuration>
    <session-factory>
    <!--  <property name="dialect">org.hibernate.dialect.PostgreSQLDialect</property> -->
        <property name="connection.driver_class">org.postgresql.Driver</property>
        <property name="connection.url">jdbc:postgresql://localhost:5432/hibernatev1</property>
        <property name="connection.username">postgres</property>
        <property name="connection.password">Apple2017!</property>
        <!-- <property name="dialect">org.hibernate.dialect.PostgreSQLDialect</property> -->
        
        <property name="show_sql">true</property>
        <mapping class="com.study.hib.obj.User"/>
    </session-factory>
</hibernate-configuration>
